episode,wall_time_s,steps,r1_throughput,r2_delay,r3_energy,return_r1,return_r2,return_r3,VR,TTR,MVD,mean_embb_thr_mbps,mean_urllc_delay_ms,mean_energy_per_bit
0,0,100,0.36796385557664096,-0.45755691687900096,-0.554031505138805,34.07782798252138,-49.54758102491762,-60.683548173037956,0.3040330266629829,1.9061025902436552,8,4.872718020284858,1.5408940695370104,1.8893735253197446e-07
1,1800,100,0.29240334509276444,-0.5038594482869246,-0.5924524723625681,38.481840774539975,-56.44804775525028,-61.456342909639055,0.2685344786808345,1.3352314076850522,8,5.2143924556264984,1.8144512870853606,2.1479633522765436e-07
2,3600,100,0.3731658867374852,-0.4654267867810787,-0.5964818086068742,32.285824213094806,-50.040996749658646,-60.677690528530206,0.28581167323583057,2.7034927565941365,9,4.339799150710036,1.7680582674557679,2.089575553067773e-07
3,5400,100,0.2831986894504797,-0.5358269555316824,-0.5785605678180772,36.62220892790941,-50.092259856460885,-60.3119363730855,0.292640618433161,2.104794530615269,10,5.348190395919623,1.321052239760908,1.9368860435997092e-07
4,7200,100,0.3014949870435457,-0.54349318503972,-0.5421044155876673,30.716961964911594,-43.514727374901156,-62.997576394953164,0.2677249372289351,2.0115880686688468,8,5.083379962414139,1.7475767342439363,1.9017326560603114e-07
5,9000,100,0.2838298231495365,-0.4791831770621192,-0.5963148467877315,21.50899428251595,-49.12204122050818,-60.58484942487774,0.34209762080506145,2.0236481799736565,8,5.721205637570247,1.5968046236314553,1.9475687143962046e-07
6,10800,100,0.3986580498760642,-0.5729954315737226,-0.5954585867385782,29.98466900593437,-48.37052535020908,-58.088150287163025,0.29346484649276644,1.9069291444767458,10,5.689829735375123,1.2583030558751358,1.8732477988844022e-07
7,12600,100,0.23764499381147725,-0.47536999398123714,-0.6197773909563918,31.072361893702798,-47.59733272172323,-60.740977047620376,0.31206654490418456,1.6008327193233791,8,4.779043828493709,1.881744100581048,2.1283723778300118e-07
8,14400,100,0.33237738840953746,-0.40724943899536,-0.5921396062219126,31.634227739276277,-47.97608550213414,-54.86994328355019,0.2417800920705526,2.187837475481634,11,5.244778320149923,1.5018949312814822,2.0643474556632325e-07
9,16200,100,0.2894361135979011,-0.450949511178927,-0.6147145138024381,30.590954286754044,-48.284533055637716,-57.03354668167899,0.278573834799472,2.2057638750735826,9,5.974095305737439,1.2098087770579253,1.8989985327919095e-07
10,18000,100,0.35573674061776916,-0.475178573966376,-0.5758306277471684,26.314374443567115,-49.296225290478255,-54.49745867229314,0.2547981346111688,2.0000857815230795,10,5.827716839392017,1.564579933542568,1.9516461973740683e-07
11,19800,100,0.3341498604171313,-0.4267253268304603,-0.6175303896383337,45.024573298392575,-53.12853734359873,-64.35210627873073,0.33300348736676205,1.9933973929094688,10,5.388303935060524,1.5480036277566045,1.9368729037633285e-07
12,21600,100,0.3634494867582994,-0.5125536099710767,-0.5502741032422839,28.63158101289301,-53.147481885318875,-64.34912774407559,0.33174344201858263,1.3673453502411466,9,5.194225317182373,1.6085975903170693,1.9556091936813607e-07
13,23400,100,0.32796557723863107,-0.4507548561956263,-0.5530677987016598,29.453527747253084,-41.87522020194098,-58.83013354455803,0.29518351223910544,1.3123806290314923,9,4.077018932728038,1.2968711967439108,1.7627896659732384e-07
14,25200,100,0.3385300784493607,-0.3566244703492138,-0.5788114501006767,31.75955537439749,-45.505068423941545,-62.11739647451724,0.2568791111300525,1.7139392881410926,9,6.2271845735105105,1.0373717237883904,1.8167244317141613e-07
15,27000,100,0.32513565739419686,-0.4587668714388929,-0.5661990814556332,31.33500240827502,-44.694488528413906,-64.36708473234589,0.3235147454680769,1.8999623142227038,9,6.180853613764067,1.3122686731756248,1.821845692606096e-07
16,28800,100,0.3509284834683192,-0.48873766410539904,-0.5472166790764981,32.3422163051174,-56.08005175562438,-55.59496383896387,0.2986615834734388,1.7185440420021472,8,5.063933400926092,1.3799847737585345,1.9176646202024444e-07
17,30600,100,0.3802458631493993,-0.5277541202354002,-0.5965686681005621,36.061538256695954,-48.78449439215667,-59.7342702623516,0.3194417506051373,2.4196230741958304,8,5.061809054011831,1.3900007127194638,2.1157896537551853e-07
18,32400,100,0.2996978354487802,-0.40050716194676783,-0.5583217941701103,29.369689768949932,-49.28780863977483,-55.050138026151096,0.2806846025702885,1.9269381020284662,8,5.56748486184856,1.3210971871485397,2.1624894420365825e-07
19,34200,100,0.3696060079916928,-0.410594961458269,-0.5791386908535506,31.242612573723758,-51.173124937545815,-53.30611236515282,0.3141370382426439,1.7455582465598989,8,5.5103305093610055,1.1656727865747365,2.0005005395683603e-07
20,36000,100,0.36215280689491103,-0.39573655892061455,-0.5991356174650468,32.37824133995852,-47.97992737256152,-58.04390335473694,0.25775767990147935,1.787750541239676,9,5.459258227718617,1.2044461691160016,1.9771089201159095e-07
21,37800,100,0.3432687532668979,-0.4151718160695749,-0.622075071660716,35.23108233715143,-50.03363997975501,-61.25556500814856,0.28228644582160395,1.3247547000757869,12,4.617708799411052,1.0892190922278648,1.9826335536770272e-07
22,39600,100,0.30002135994861817,-0.5523131609090921,-0.5525474775786734,34.037514505206836,-52.63096047308467,-61.80198623080135,0.26650174127001236,1.3503704530380998,9,5.428139887975173,1.256164281917123,1.9141934541512342e-07
23,41400,100,0.3541000239455089,-0.4123319212328406,-0.6175406204464674,29.318299324962744,-54.80405982428106,-58.958344557374694,0.27232813091252317,1.5764626793231833,9,5.035235426165421,1.6881940443867065,1.9501827055631023e-07
24,43200,100,0.3664750166833493,-0.4856654281780812,-0.5912756400226017,34.38621265326716,-45.0154697346551,-56.56925612951049,0.2977051527397874,1.6060536429191423,8,5.085068042162236,1.5089232738090879,1.9118884913684703e-07
25,45000,100,0.24988273431275018,-0.4426163575084277,-0.5815476584516686,39.570402405394034,-45.65383601136865,-55.729766948942626,0.2981703037363469,2.309822649751754,9,5.496699770110148,1.4109334922678132,2.128756565189933e-07
26,46800,100,0.38099076897782275,-0.4526327221623127,-0.5456972212961737,31.19716569168943,-49.9792605861389,-54.938643989350695,0.32187697573043783,2.33436725667352,8,5.431493090039117,1.4516577839603158,1.893673217720632e-07
27,48600,100,0.45059983931452857,-0.4598426515337894,-0.5914768162872724,40.26623130163796,-46.1427635906209,-59.727679242368666,0.3069284798531901,1.5230972596680612,8,5.764581635942888,1.6858961423408705,1.7638105866518773e-07
28,50400,100,0.3165490756728011,-0.4648113351417731,-0.5630968511149653,35.37606633905698,-41.48085317256654,-60.155444918812165,0.2937176979994564,1.2870960940052358,9,6.080829088105747,1.7352507298882598,2.0109208705816346e-07
29,52200,100,0.370304178350351,-0.40279690230743426,-0.6213994494844036,37.11780959006164,-43.94470230853245,-60.50609293952473,0.29546092980278604,1.8838859698595567,8,6.081378089017772,1.4864672864433084,1.773997921919293e-07
30,54000,100,0.3460696766312787,-0.44553210622630074,-0.6205318590495488,39.013256560316975,-38.28625401740006,-61.32503364267717,0.2661265285893909,1.9771404385286628,8,5.546462016834722,1.5714894762323182,2.0671950269423628e-07
31,55800,100,0.3472236464997244,-0.5115766173219087,-0.6201946887140901,33.09050052587321,-54.57854153466579,-54.24882512127416,0.35064704858202433,1.798656087378888,9,5.111760263809285,1.42429338100701,1.9907854154000056e-07
32,57600,100,0.49497312532828874,-0.5072806241863377,-0.6329752209341073,28.742589620870433,-47.06379152660428,-60.07893826289176,0.21752482750112295,2.094491346166647,8,5.54465159789805,1.2974021003383593,1.784852856440534e-07
33,59400,100,0.33184904881936095,-0.4091481972584967,-0.5825238295175684,28.82273787551481,-42.65065507354874,-60.11967768039365,0.27932983038847836,1.7427262217019976,7,4.9769425821387046,1.1863931381591222,1.9834905186263947e-07
34,61200,100,0.4569262663021172,-0.5071144521393303,-0.5821599676581812,33.33901417540484,-46.67832361113965,-59.65021645432021,0.2783001053750673,1.9384533701494944,7,4.8460755055926565,1.365309524965074,1.981708762148086e-07
35,63000,100,0.31812313390892805,-0.4941667444248177,-0.6123477206652559,39.07305096462012,-35.96781899460588,-61.34618589126006,0.31165268755736736,1.6477685175122727,8,5.543813522274927,1.5186100323793421,1.8870046439049424e-07
36,64800,100,0.3077306886700231,-0.3952433739166198,-0.610846534501622,33.980084829425415,-41.17553905276577,-57.643250231885055,0.28309117225404556,1.690000410721703,7,6.011306107027688,1.2540250321283195,1.8653128845507616e-07
37,66600,100,0.424347233892219,-0.4664716315397449,-0.5567381679311902,29.53542572427535,-44.52775089783657,-59.86859255003487,0.27976115806431406,1.5397123594551316,7,6.015756011915734,1.167806295615775,1.7651947228077807e-07
38,68400,100,0.4086909065636637,-0.3803392924323818,-0.6030474378831823,41.64517492878607,-39.56101309626053,-59.634680068370024,0.21890916808851846,1.6867276976204535,7,6.351868589311403,1.2852876111324765,2.0022363464855373e-07
39,70200,100,0.45139762812201645,-0.5061182221887555,-0.602804095208515,40.02386595386043,-52.56880138581693,-55.67402722294219,0.2843872816287971,1.4625455468404167,10,5.80730044063418,1.5610484245618814,1.9237435728844913e-07
40,72000,100,0.400909739243851,-0.44558708111683015,-0.5734208678809876,42.001058737492926,-44.072367272767785,-53.1414519362113,0.2859052259102738,2.1683741701463912,8,5.399336925808774,1.164092498106009,2.0009821189766944e-07
41,73800,100,0.3319918492341384,-0.4221246348937073,-0.5315111237284167,36.00935317627029,-41.92645136091182,-51.69728469642935,0.28165326420674397,2.160272858701721,8,4.997118647659871,1.3515952952654153,1.8070082315852642e-07
42,75600,100,0.40626661951028725,-0.46300673580000634,-0.5744897311805947,35.29800123537996,-46.47940168877398,-60.5134285537083,0.2647929663040272,1.509420998258146,7,6.0124162361276845,1.1972481118713727,1.8318299860127976e-07
43,77400,100,0.3480913253485102,-0.4567975835495819,-0.5499645640722501,40.660654315280176,-45.47687423383365,-56.41008298596999,0.2710936848270158,2.078333911234873,7,6.103870018396833,1.2461106654417102,1.7353446376300877e-07
44,79200,100,0.3487630999976551,-0.46828388430914114,-0.6002603321048694,34.48022834370968,-40.48683639955532,-61.13439712246889,0.23177307096177818,1.5574669030881392,7,5.370003092716716,1.5244291897634012,1.8327861441892708e-07
45,81000,100,0.3609412898227449,-0.4548031408239449,-0.5716829723834708,42.00253668110955,-47.29509345807729,-61.096119035515315,0.2384050549819328,1.7110611358048387,9,5.192086338625786,1.2499765719629097,1.9130019604520585e-07
46,82800,100,0.38477657264432213,-0.36300952133734554,-0.5705790042965209,38.791038054662344,-43.63246788525436,-61.787971161524744,0.30029415548730987,2.063372473322612,7,6.229510326214014,1.138296812057312,1.8075611367108366e-07
47,84600,100,0.3398122354640621,-0.3620915129449791,-0.6212357967560627,39.008430321522475,-38.95984244219799,-54.514165254720155,0.31418147216224546,1.5819817686303004,7,6.875942977365268,1.3702011051044005,1.9565420921743177e-07
48,86400,100,0.4184519355505658,-0.4686100055302834,-0.5495101982327877,36.72660909510552,-43.84610698355023,-55.477404199645804,0.2805851979670907,1.8887335949183002,7,6.977862113427475,1.14649585768458,2.009382119766114e-07
49,88200,100,0.38705480661093755,-0.3645235893257255,-0.5749187137600333,31.35069666779996,-32.44596587722919,-56.7427968904995,0.25271850279165087,1.8130804267688394,7,5.936358558540912,0.9439339990116602,1.7167535356307372e-07
50,90000,100,0.37106926857735684,-0.4449182424841563,-0.6223775004242815,36.57721039857519,-48.1402685595516,-55.50852089603913,0.257039175480996,1.8487184635472225,7,6.6019077938522415,1.5172565676233698,1.9210459538871094e-07
51,91800,100,0.37174216000150156,-0.4088814354433117,-0.5918161622960123,42.977579266200955,-31.84393468392911,-53.13096256016508,0.20629895865992548,1.8000411166417445,8,6.171122332432354,1.1560097123401276,1.7792724319097153e-07
52,93600,100,0.34402253832912066,-0.3969128227642666,-0.5694073271147089,39.378633915040766,-42.36812541662476,-59.88974625364288,0.20587422797893037,1.7135093581988816,7,5.733618390772839,1.2501699765229053,1.7119230480844928e-07
53,95400,100,0.41615571104773136,-0.4958303298628471,-0.5397265368007175,45.12497637702547,-46.39222429458958,-56.27340974323967,0.2642055759355852,1.9711668848509019,9,6.205143692147287,1.2375727027486763,1.784026496056168e-07
54,97200,100,0.3485106641575915,-0.38320844060603154,-0.5506458872036443,39.13100557423124,-39.982285570851296,-54.60159194515872,0.27781905047903627,1.4546162603713917,6,6.168183969638734,1.2151615294834324,1.7088770485475548e-07
55,99000,100,0.3643676765878689,-0.42447575830819734,-0.5980609008773233,41.067117585742245,-46.39689921146059,-53.200490785644455,0.2915862398709197,1.1983028382314205,9,6.043591094240847,1.6674116286627523,1.8795164279720286e-07
56,100800,100,0.45767215660415,-0.4687540269789896,-0.5166958997626093,37.312371577707495,-38.64573854727442,-56.818035734283875,0.21395365655705023,1.9880856345651172,8,5.930576773420601,1.328747239753411,1.8511368519111228e-07
57,102600,100,0.3928300609147891,-0.43943611740447536,-0.5201230488357127,37.553006255495674,-41.053577587443435,-54.102041093069296,0.20991952860651106,1.5974759834493484,7,6.349839766676582,1.187479167911738,1.972677546116823e-07
58,104400,100,0.45676687059683707,-0.4172442503926958,-0.572712675987583,34.67274847887953,-43.618253820648484,-61.59580584852506,0.2650569475353346,1.6891018158399778,4,6.714711915968457,0.5634959683969694,1.9393730129734907e-07
59,106200,100,0.3418708537619655,-0.44613009226314676,-0.5496829896245831,37.26000614956161,-33.82025302455567,-55.72994546697792,0.2461365218705071,1.7317944431408048,6,5.598031743815032,1.2059730619586693,1.9797487213140627e-07
60,108000,100,0.4292476691155015,-0.3833110308715862,-0.5946692734753493,38.81836827526895,-35.3107501647549,-53.43777999256945,0.24177961431242995,2.3543623005124887,5,5.7440094769839645,1.4416678652629513,1.807614871836252e-07
61,109800,100,0.38219134942016264,-0.4532102691499923,-0.6007805796952452,38.70591015756376,-40.91483250463331,-55.25976345958997,0.2851409563869328,1.1751119836268031,5,6.355659345135092,1.324793630613213,1.7914970982112352e-07
62,111600,100,0.36375845711871846,-0.4242764095698111,-0.558758811519073,46.73890308893444,-32.80754273680926,-62.24804570573073,0.22964244510107515,1.7477485236657277,8,5.948317808857071,1.061349746015651,1.8819593293326738e-07
63,113400,100,0.5641826410703993,-0.3754967511875787,-0.59406114046784,56.13083565662588,-38.105213042784726,-57.8583945520068,0.24203327839767236,1.4186553928902454,7,6.943888521485615,0.8508991439688622,1.972424075916136e-07
64,115200,100,0.4355653833758336,-0.43767460998168384,-0.5610954446383573,44.693689069870906,-43.506018013588644,-54.198345565934986,0.22031679990587816,1.0353326946356103,9,6.2038165133787535,1.2742325874678746,1.8361777411149082e-07
65,117000,100,0.47520643515097494,-0.43188191971207746,-0.5344943033618692,44.527046914987245,-40.007773374419436,-51.98984932103409,0.20056733388884526,1.6250369744015856,8,5.917252202537443,0.9771965146569768,1.9963293015880463e-07
66,118800,100,0.5103122207847051,-0.41146346773521697,-0.5739461106824392,50.088646829239536,-46.97823841246086,-60.053567329698005,0.20048108671433096,1.356299029832328,7,6.1120695501999975,1.0230685460245434,1.8334949711646847e-07
67,120600,100,0.514149175439364,-0.48121225572591475,-0.5454825491195228,52.36955345262612,-30.974819031847673,-52.46718914369917,0.20161419822826834,1.2260313239500324,7,6.892735909870176,1.118909288844503,1.9109346891079156e-07
68,122400,100,0.38011541478767263,-0.3743386741538607,-0.5296295232609944,42.39384885100741,-41.6251559368101,-61.649768671961795,0.2904582857216311,1.529290289741276,7,6.827553074314513,1.1275518197257541,1.696744006311245e-07
69,124200,100,0.4546779463876908,-0.43245321255094415,-0.5494733951889258,43.37370113380417,-45.54934215205342,-54.924673875445386,0.30267184878677855,2.0084053797967725,7,6.563017086977658,0.830179913304953,1.6988151672958463e-07
70,126000,100,0.462259479460769,-0.31496713759286044,-0.5551093867554404,40.56952497960949,-42.145780214810806,-54.40285916602563,0.1761042864170276,1.7858246156902986,6,6.361836111991301,1.4960131285671898,1.9836791000435717e-07
71,127800,100,0.4865194437885221,-0.446124995176371,-0.579739129795549,39.08438646272134,-36.12598842150503,-61.33694227543323,0.23189183624955656,1.8116090027962173,7,7.081457967393831,1.1971170781604186,1.90980211949381e-07
72,129600,100,0.49017237019566695,-0.3848364152621516,-0.5786436570299457,44.98028483462295,-35.823975692441465,-54.46892451351057,0.24912612635852227,1.7387216799464256,8,6.696175931758088,1.2583551867289087,1.7743399317143145e-07
73,131400,100,0.4890263996786057,-0.42966662725578586,-0.5308815092168436,40.62456925796754,-38.014977902993756,-57.93849008594701,0.1875734266012585,2.0569915479459797,7,5.706853952180366,1.197476389479437,1.9214494917035633e-07
74,133200,100,0.4123981788838982,-0.3757702043659295,-0.5681726693995431,42.719365273760715,-42.23980335447272,-58.01279226251731,0.232994055809212,1.844706010332484,7,5.553452513161189,0.8410871598095944,1.8853344030698e-07
75,135000,100,0.4529753920422972,-0.4395307547132907,-0.5975915560577505,43.128627537513694,-32.651568101996915,-60.62618092337512,0.19919644834986733,1.6329257187677393,6,6.0395988730907595,1.1432933343044591,1.7618296382092356e-07
76,136800,100,0.37125910221824954,-0.3241253861571503,-0.5405364054145568,45.502671305401066,-31.024044919350978,-60.3269563107295,0.19694593565272647,1.7751216197270963,6,5.128246099803977,1.1885698899696733,1.7963295610802765e-07
77,138600,100,0.527452574254589,-0.4131022687746296,-0.529827104863253,54.600136047970224,-40.82344644809981,-51.43612567597138,0.24967378617785663,1.7522639403968319,7,6.124008793392721,1.1416813684307374,1.8172175674358233e-07
78,140400,100,0.49599012370370243,-0.30546882155077115,-0.5687166211568369,41.75110326102692,-38.45536970903849,-53.388377473067656,0.19353682251581986,1.2906487290415456,7,7.090582134129008,1.062217024453584,1.7918946737913804e-07
79,142200,100,0.521998371891776,-0.5351360807986014,-0.5558963096872213,42.5603747292687,-40.308444370547555,-57.19738491139178,0.17616648491909084,1.6565608937771232,6,6.663231179172869,1.098692645579994,1.597516164372189e-07
80,144000,100,0.49122587035770987,-0.38736453039848645,-0.5691212533488583,43.27487085348359,-40.514471167716785,-61.38403766688551,0.19303613791224966,1.6856824987034693,7,6.139887712355123,1.3805621902251997,1.9310121922249113e-07
81,145800,100,0.34818612491846535,-0.43268992670488804,-0.5694161695890819,46.55653436251223,-32.43991738366499,-56.97064561469908,0.2669549163421026,1.7739194218868,5,6.750138737092595,1.2282064305217675,1.910779201576515e-07
82,147600,100,0.4253463217117427,-0.3959261602661507,-0.577518968680236,43.50474461635582,-39.49717577535306,-55.59613030889617,0.21261723786478728,1.99945920526266,7,5.819282425874055,1.2344147581409388,1.8308636722767765e-07
83,149400,100,0.5045070388816768,-0.36261964362064875,-0.559553444114413,45.40272563855438,-45.32966291558545,-56.085519889941416,0.22325419372107003,1.6640303164931702,5,6.653542293216001,0.9289797036328643,1.7193139831549354e-07
84,151200,100,0.5071401955883935,-0.393318381235917,-0.5275195069827273,40.76557723067463,-31.21446297515643,-55.226186797802846,0.24024760213595098,1.707418445557038,8,7.202769922156467,1.4450271884803931,1.6137138176119402e-07
85,153000,100,0.471581292221475,-0.31741382766738885,-0.5325716081881476,47.77865564043468,-41.116940939526955,-55.36760723550058,0.1820573921324752,2.1388378738311085,5,6.338997016971811,1.0036124572349905,1.920785996375388e-07
86,154800,100,0.42644155800839745,-0.43846310632122476,-0.5164287578735458,49.36451686655125,-32.12641922177861,-50.01130703745009,0.23220327284919204,1.7625766916756052,8,7.161316947147551,1.1309230386909246,1.750307040204827e-07
87,156600,100,0.44515600794125976,-0.424066972441897,-0.5617082182764731,41.48521839082416,-39.98241270842993,-57.24187681188807,0.2125390453044929,1.7177732045326426,4,7.14836209814864,1.5345679413124702,1.6685428219144851e-07
88,158400,100,0.40236650105074634,-0.34909053538530754,-0.5374951558803466,47.20877358036168,-35.75922933927675,-57.29033114773294,0.22764012459395425,1.2003660678804324,6,6.654052315382042,1.0725806490523044,1.655794163321874e-07
89,160200,100,0.46317414575961435,-0.3524223560281929,-0.5319461313609741,38.31924154547267,-39.7742573882923,-54.02079331774723,0.23679857594916065,1.2539978892130517,6,7.101611304146995,1.1641022914875343,1.803754232905491e-07
90,162000,100,0.4864538403382365,-0.40580823762337637,-0.5138125541365203,56.75909237026132,-37.375264055679686,-50.9097925981255,0.19736775851962243,1.2738121002669978,6,6.396008048346104,0.8216737210641462,1.7323388031978018e-07
91,163800,100,0.498422914163722,-0.20601387726295464,-0.5748912405479782,51.26078172005323,-34.32240789292776,-51.12542438551787,0.18554046760969065,1.6208379693194073,5,6.795207443008299,0.8953259055550544,1.9214190737749872e-07
92,165600,100,0.5529603908007005,-0.40267959037113554,-0.547335456679936,49.21516168691536,-34.78832853434643,-53.54718131151387,0.20849349955871724,1.122034653056225,4,6.601839331393481,1.0708158751396804,1.6590425794606352e-07
93,167400,100,0.4579027222861188,-0.4775716156519716,-0.588630982466413,36.0317765966106,-34.87791548431293,-54.53639853741921,0.19289745073590428,1.856704838155764,5,6.744198900353537,0.9350560383698779,1.68249933835912e-07
94,169200,100,0.5076491647011998,-0.3179981213959797,-0.5377405796024035,44.91326858753571,-38.06692592120556,-57.853117887162476,0.24102357995795934,1.4986222667386917,5,7.221980736935721,1.0953813278180844,1.747292144778891e-07
95,171000,100,0.5758737246436795,-0.3525691316350034,-0.5388449738648333,43.34619168048456,-32.88148890842524,-58.492028446363726,0.24066907375933497,1.60076654540862,6,6.342094308020916,1.1742260456557692,1.7096997254225136e-07
96,172800,100,0.5476136876774078,-0.39762999214239914,-0.5506285832138005,55.68901163277142,-40.43368875048858,-54.59994880195069,0.17819415102264516,1.4936382004133255,4,6.825974002291338,0.538910430649106,1.644502647094506e-07
97,174600,100,0.47357600819978823,-0.3491816164579234,-0.49338642797781374,56.4709701322001,-42.8155323637385,-51.99661877729428,0.18103421675046882,1.8389347114433026,4,6.760452994784333,1.412836373160084,1.673444060750572e-07
98,176400,100,0.5849949085092001,-0.37071316364120427,-0.5221105582390593,49.71456073177541,-39.01761405460269,-52.856137569120975,0.2353090301290196,1.7568011452199412,6,6.820511080743804,0.8708019124840374,1.80232887111103e-07
99,178200,100,0.5156701542854679,-0.3925705980929694,-0.5235023873012893,61.61623560393957,-33.79608753920728,-51.22266553814175,0.20148682450819203,1.2087421116905712,4,7.305385253964751,1.0757112592648568,1.649554793738449e-07
100,180000,100,0.5541798452522604,-0.31692838790908184,-0.5692116499510222,46.617578937148934,-39.41981674166051,-54.239367565706544,0.18240885884078462,2.235220684881492,5,7.248419427636035,0.8899336343304899,1.774331366846583e-07
101,181800,100,0.5151980315788327,-0.38199769975364956,-0.5666915529217215,52.53369808637129,-23.741012760104493,-53.723574794929235,0.17593053024285046,1.5770207282808952,5,7.004925725883252,1.160772850480169,1.6710746709326734e-07
102,183600,100,0.4197574517857136,-0.30844466294844625,-0.5383897402354152,46.441642220546406,-36.35828941568086,-55.45818127883595,0.20800239020876407,1.3184662912196472,5,7.285145866598415,0.8846486787944949,1.7875930889842042e-07
103,185400,100,0.465247946838875,-0.3383793762218787,-0.5389358574451942,53.5406195627345,-26.829699329601624,-53.646592714080725,0.19629314675466486,1.5325762381589458,4,6.90227673418363,1.2363578597170106,1.7372875576831584e-07
104,187200,100,0.4666295285681436,-0.3587835269227972,-0.5494541529132793,54.07941910425336,-49.20787545793309,-58.112415589243916,0.2135806016438286,1.6339560434498523,5,7.234694930731945,1.1820452099544685,1.8807779206225362e-07
105,189000,100,0.6379151051510497,-0.37453697564347027,-0.503806917844915,51.53208173504513,-28.83819872738013,-48.963190761023625,0.20463415397362125,1.2017174200049179,4,7.742183688761971,0.8344409120675951,1.8753016616746895e-07
106,190800,100,0.47789495341696625,-0.2409867905475039,-0.4958449717171488,46.442456460582065,-34.807683302228504,-55.281527923297354,0.20407713180080803,1.3393199113295062,6,6.768281213794366,1.0975316902565255,1.5524755497689166e-07
107,192600,100,0.4919816611199012,-0.3970928466813386,-0.5569447495349588,55.89570544435871,-37.01839739994683,-53.65859040370427,0.23710440708121336,1.2595801762314187,6,6.917576078325739,1.2732251040254534,1.7779623838863026e-07
108,194400,100,0.4841908308898499,-0.3521209094111081,-0.5821281180037995,53.17427600493497,-32.56434900590523,-55.781835534066815,0.16320862676532177,0.7272739948361862,3,7.174820332738096,0.6865227435816272,1.5859640941585848e-07
109,196200,100,0.6150806648572321,-0.25318546982179463,-0.5296211568804858,51.65838233624029,-26.11843829167177,-59.23665201124719,0.24389665721256226,1.5504156342096331,5,7.257111344759558,0.8838113464528139,1.6237514585612647e-07
110,198000,100,0.4999534568669375,-0.29783052621135825,-0.5256353455920251,54.43020250306488,-32.541958477612056,-51.31333315454859,0.17086487984014165,1.7105885990664762,4,6.709984774534398,0.5768915818144186,1.5695898500745116e-07
111,199800,100,0.6190325335573611,-0.2571550165743524,-0.4949513034095489,59.6188585875358,-36.203822200285714,-55.932026696114775,0.20490745659729592,1.3652904223136344,5,7.786764548582558,0.8869649148259823,1.8290332496537856e-07
112,201600,100,0.4175574547259625,-0.29715853406029924,-0.6205067268719177,51.492508742776224,-27.80841299413197,-57.3896532156648,0.2052462682961515,1.251535878661136,5,7.633606202668468,0.7765600933080883,1.8337668046744444e-07
113,203400,100,0.5325355097584217,-0.3317745461860706,-0.530507542758049,43.75826902156839,-32.4731954842436,-52.54419281615536,0.14953979331820802,2.042411648631314,7,6.3716020278477545,0.734435320249272,1.7629857202456022e-07
114,205200,100,0.5262900324541288,-0.2856448332091762,-0.5834245397385784,56.424266688366856,-33.020747981555296,-53.39042953159454,0.20440042217631638,1.4244492247960558,5,7.866096476059789,1.1316029658679212,1.8108530748254952e-07
115,207000,100,0.602979040868512,-0.3985119499304584,-0.5740949280626653,52.97976896732543,-31.635473832676603,-52.78571613462343,0.1977948735916023,1.3929367900370313,4,7.145761218630947,0.8560853650124628,1.6299779642919082e-07
116,208800,100,0.5168749476522168,-0.33535870561114317,-0.523824239053582,54.106025468202716,-35.075675832089104,-52.24492956121996,0.17026724619357766,1.3540075364355806,7,6.507616652670818,0.9526399627036228,1.7126506281907464e-07
117,210600,100,0.45926902372332834,-0.325529912747178,-0.49913939525392337,62.42996801199341,-35.40202737399998,-54.90241311339754,0.21513725792017496,1.2825688498758254,4,8.34566102448628,1.2217180791645532,1.702861041572247e-07
118,212400,100,0.5453643379976202,-0.35820255753394525,-0.5480184064189461,53.819549436973276,-28.281649660862083,-61.06736397505627,0.16616681419696497,1.3642704696846304,5,6.6967500550031165,0.6926037607050033,1.6250947769218402e-07
119,214200,100,0.5598277375730687,-0.3669243224759577,-0.5090607069632234,46.01048196470898,-45.62115858434518,-50.269195732897366,0.1209954818170903,1.370815823995224,4,7.834412890719268,0.9041909209342844,1.8574812013339577e-07
120,216000,100,0.48139398410780665,-0.3309921350160892,-0.5547851893712481,42.912958604291816,-31.781871321242253,-52.382636791016,0.19133247044177695,1.2891618280220123,5,7.662176507404013,0.7886201797009249,1.8208401211643754e-07
121,217800,100,0.6748566101877834,-0.18728759504283493,-0.5942838271611434,56.4676749234028,-21.643828708202903,-54.72949984405502,0.17658458296345428,1.5991263919225807,3,6.652737078762074,1.0773219279024324,1.6354837308476063e-07
122,219600,100,0.398445583070817,-0.3730808965532293,-0.5161412470791289,67.50396697359525,-38.61467966856746,-54.48941991071353,0.1876182609635269,1.631401614835496,4,6.85508910163416,0.820588584792712,1.8749638838321632e-07
123,221400,100,0.5913246325419788,-0.3733728781306387,-0.5551607425361592,55.20174783211293,-28.184395978202026,-55.77889742422592,0.15115692504748696,1.2323042719361013,5,7.551859329485131,1.3938603877563231,1.8532673569334824e-07
124,223200,100,0.5091606355362588,-0.2639949681107636,-0.555367361208561,55.09049802745304,-31.810266391675796,-53.5953160130514,0.1636997844841195,1.683214156887908,6,7.729074141871134,0.914741089468083,1.8051731193741143e-07
125,225000,100,0.5713251494424725,-0.30961240229463316,-0.5307543262800563,61.7282852610565,-27.3361646845425,-57.072786847246306,0.23646404201946464,1.2171565204781027,5,7.90726491191513,0.7460484886657075,1.69516245980996e-07
126,226800,100,0.49103228908929036,-0.2385183559985387,-0.5441926278870016,56.687979146063,-27.32168199924035,-54.16657155432199,0.1612542919906022,1.2575485916683753,5,8.821838806340054,0.8365537828878921,1.5902633133380075e-07
127,228600,100,0.5132833757548378,-0.3320395781472862,-0.5703005380734476,49.59211284394178,-18.454549013741158,-55.43936951310331,0.17482323210260428,1.7565318358849895,3,7.691625935883471,0.910503987871585,1.6995867334405936e-07
128,230400,100,0.598301594445489,-0.36247113988602647,-0.47131546588755385,51.13647985457841,-33.933793500688324,-52.15446840824961,0.15823226210440183,1.6140763555101811,5,7.419736280573194,0.9957351234102634,1.5946929027745449e-07
129,232200,100,0.5232017704728974,-0.291155596447743,-0.545823437307088,53.901383765853616,-37.43580872624066,-48.1752711472547,0.13755752566315005,1.4762920849811234,3,7.212629400122519,0.9032397413013622,1.7252711434094565e-07
130,234000,100,0.5492144922528189,-0.2546329433426823,-0.520326592812245,52.77082489600703,-35.78100386557889,-53.8855116249673,0.18055856593591163,0.8602650920546884,4,8.055237759939347,0.5941125818972134,1.5531712929723242e-07
131,235800,100,0.5519657169657829,-0.2461975300295426,-0.5674230447280322,59.60727916677524,-33.98875230053027,-51.46796792315041,0.1305880801700314,1.1557469169134105,5,8.102132335547052,0.7524191912039043,1.7987775788972183e-07
132,237600,100,0.5168153314604016,-0.3061594131514283,-0.5627064589860715,57.52186474530843,-37.84642789489134,-54.44160994066269,0.1339445519512215,1.4404378962819764,5,8.639876989625968,1.2278466751162067,1.6831481161895737e-07
133,239400,100,0.4927266666726757,-0.28565947011866133,-0.5775322669764051,52.02194594332113,-23.7742458840717,-56.136566716690524,0.1676635077975948,1.5181817984059145,4,8.285516649639948,1.141855421651186,1.4816396557588458e-07
134,241200,100,0.47681403829915736,-0.2430060067202416,-0.5438585256062604,57.552414135485485,-35.980842977996645,-55.098991114164406,0.10195467538543311,1.8110641312493598,4,7.574732081386201,1.0274410579260411,1.6263041284227112e-07
135,243000,100,0.5681674478378476,-0.28617305639383217,-0.5938606871158331,58.79166436824627,-33.58093214719729,-49.699569298507136,0.16774383283515898,1.3964327125187757,3,7.0511343657437395,0.8368171553164637,1.6502642349328958e-07
136,244800,100,0.5711672700418539,-0.21580755211026967,-0.5136820484257775,54.868016828741496,-28.90850654837927,-54.34301736673591,0.17363136333682047,1.2481964053698542,3,7.830025171620542,0.7276092707803408,1.6971167828043196e-07
137,246600,100,0.5584354883539211,-0.25294976347090536,-0.544081808555992,54.321836098944644,-31.989900821847357,-54.56419404241521,0.19841072663946974,1.6870761579069649,2,7.174856514492639,0.909075119828646,1.6905822616519578e-07
138,248400,100,0.5853322182597,-0.2636846962929343,-0.5333124856542804,52.816785176019295,-27.53781017040177,-54.695235097567135,0.12869417342997747,1.6805555765050357,4,7.798375014458961,1.0518719469322453,1.7520914122971425e-07
139,250200,100,0.5498913469919818,-0.2630543757466213,-0.45684641490060496,55.4483682392994,-27.803391534483108,-58.272996028473656,0.1658747119019239,1.0172901397167466,2,8.227556462789092,1.1550960633030245,1.6583685305458818e-07
140,252000,100,0.6075678193889977,-0.23304105683780485,-0.5279607153789305,62.837158636234136,-32.9000738304994,-60.750118870824416,0.12326951484990994,1.0931125156826509,2,7.342298967111525,0.7835700931152122,1.6098675713157495e-07
141,253800,100,0.5225463155303435,-0.30180878601074995,-0.48105642781274943,62.08890683574572,-23.735995556974334,-55.806827104604004,0.21005784285738427,1.2865749657830383,4,8.002207142664727,1.1722523020423736,1.718128472189401e-07
142,255600,100,0.6451863633909094,-0.24462445292282944,-0.5159622870982551,59.14810135161685,-28.192772102517143,-54.318443864183074,0.16680036035520496,1.416257355946358,2,7.678570193524262,0.7796741451433832,1.5714929391701473e-07
143,257400,100,0.5350679581225516,-0.32575471377688153,-0.47128256492856957,52.52694990759853,-34.703781591252984,-52.33440198411165,0.1942870800579168,1.5525614821235383,3,7.9781059482753705,0.7275580280258965,1.506998768227996e-07
144,259200,100,0.6120501123229846,-0.1972200329378765,-0.5807000312308249,58.272218984693346,-31.083501416372116,-50.857571595786816,0.14509802632712407,1.6525355413980376,4,6.902104971964708,1.1315401407192884,1.6658786358577293e-07
145,261000,100,0.626329697990302,-0.20736905944582745,-0.5143570216896263,55.328724302141055,-24.274295593195113,-52.130380498939466,0.12277448459852489,1.4834114021962896,3,7.552627187338692,0.7127319261218927,1.561200147427887e-07
146,262800,100,0.5277309909354189,-0.3457496212051722,-0.5763903955576617,53.73119562248241,-24.97252464298116,-54.59785971712087,0.21351860916469712,1.6502761664202803,4,8.631982123754803,0.6742757970872418,1.6466057384086327e-07
147,264600,100,0.6219737058244438,-0.29248541195925226,-0.5539295038737596,56.56610796250196,-30.075310938093214,-56.012931623952646,0.18408856370799775,1.1348718492778898,3,8.233922305184784,0.863667486753456,1.72353253031573e-07
148,266400,100,0.5886245381362881,-0.2791600090358685,-0.5063177337202042,56.14961195687143,-12.635052408569772,-51.83539101443216,0.14832514247686104,1.0099535006359883,4,7.974010792019619,0.8300668206394679,1.6564193697654834e-07
149,268200,100,0.5730057392273087,-0.295462388826267,-0.5272879762335175,59.08384285585676,-26.671161299836104,-50.61091634937962,0.10833365877788814,0.9682714288269711,5,8.01611876872751,0.7836819387823638,1.699423969595128e-07
150,270000,100,0.6249386781737725,-0.36738012119962604,-0.4752669962476531,70.1767542832918,-19.381758102942413,-51.94870158583482,0.08578301199800119,1.4159887888443214,3,8.592838929865584,0.6530337560276538,1.6800767780270033e-07
151,271800,100,0.5838669019102334,-0.24723143056421387,-0.49970020934734166,51.80266549689938,-23.532364508702408,-51.508896967260995,0.1674445362317123,1.4019632892922287,3,7.459918544564722,0.6206463436141405,1.4968078653651559e-07
152,273600,100,0.5657506086372528,-0.3482539478004564,-0.5424715573602341,64.48742543380769,-23.40814294008632,-50.92105401741378,0.10825217872232304,1.2261003258824055,4,8.551295434384885,0.5997683206638953,1.6056222959306564e-07
153,275400,100,0.5530917335215088,-0.2546217744109168,-0.4907487180894211,55.685641621469685,-26.88047862294735,-51.7659123913473,0.2226846886871664,1.2331085486945814,4,8.880074120032905,1.0770324591757576,1.5236129161666158e-07
154,277200,100,0.5811086519650864,-0.2595448313502451,-0.4809805525485691,67.4608601537119,-23.47154057218924,-57.846514547652816,0.11939097739014287,0.8533539661641198,3,8.486588170180372,0.5936836740853153,1.7927266828875777e-07
155,279000,100,0.7065901695016596,-0.3025237854388928,-0.5474591654991295,54.96611088127982,-27.41901569727939,-59.4238443883814,0.17240683133544368,1.8113193280305966,4,9.14911107867497,1.0430982691449846,1.48411708665139e-07
156,280800,100,0.6894496855556245,-0.30672071615798907,-0.5122508174470762,62.02886217975892,-35.44916139170847,-49.17927173999494,0.16749483695152834,1.096645987118847,2,8.35939469143863,0.17713310123562476,1.6428224323913688e-07
157,282600,100,0.575568801432582,-0.18089920131794313,-0.5262595964628383,60.898396446144346,-27.039787220035514,-49.93821427495305,0.15249609281332993,0.9560150553750497,2,7.987041258647047,0.8476661049482734,1.5376211020735705e-07
158,284400,100,0.6353893557439042,-0.2204823614993465,-0.44275681999106553,59.757141359576295,-18.07183994602965,-49.31322865549017,0.1264069575524062,1.4360390341539055,4,7.4514441915947085,0.6187295219676188,1.567971370059258e-07
159,286200,100,0.6663495017451373,-0.22947817594258554,-0.4732364024741274,59.052570242091655,-26.25767330199178,-51.61353170142748,0.15795401924124072,1.2613519740762145,1,7.694979097974992,0.609151683514799,1.9197814212922516e-07
160,288000,100,0.5449664245430272,-0.272982189524164,-0.5427941191766337,63.00951793703478,-28.255767209458337,-50.25838898978211,0.15576753704723528,1.265659427463483,2,8.163927640711895,0.6684205835829405,1.426389121110554e-07
161,289800,100,0.5764205895657836,-0.20965009215129016,-0.5422250071077348,64.59558293488621,-24.91007822761533,-54.53053670638159,0.13341315920940064,0.9415449626669077,2,7.990465221947461,0.7561246494846464,1.5364410706343492e-07
162,291600,100,0.6707203786693106,-0.3525133322019528,-0.46589366864270676,60.56047288951733,-29.067500476464364,-52.10453289823092,0.17294822918299457,1.5417212780848364,1,8.125700584408902,0.9429398257077601,1.553837746119604e-07
163,293400,100,0.5340534924069582,-0.3182649568502077,-0.5469266138007219,56.95304429261764,-19.809192997441233,-56.06345501150066,0.15615997460598569,1.4400821270516382,3,9.122544667763805,1.01854126259548,1.328357271444122e-07
164,295200,100,0.6321257522161293,-0.2356740539664329,-0.5355290648104759,51.05445584280587,-18.162219100754417,-52.808037316629814,0.11760874853896368,1.3626449960694955,4,8.580751898818015,0.8930549331131821,1.5466149888390666e-07
165,297000,100,0.6568035765931655,-0.26109261228432923,-0.5535557828645715,59.95076872201908,-28.900125299619692,-51.1684864836555,0.08217481145598089,1.523723762635398,4,8.173415450717693,1.2010043611678256,1.5484804711943736e-07
166,298800,100,0.6282406432076396,-0.26761305458014534,-0.4729779763604759,53.22990897566869,-27.226817068000464,-52.82051937869701,0.10807217060232704,1.1364484711217018,2,8.833411390844157,0.8377160685713974,1.6202337978061343e-07
167,300600,100,0.5849815523207549,-0.3132750574287388,-0.5115710987927452,67.51956352455139,-26.326338377275686,-56.237009485170944,0.1407539010977545,1.6122721011842946,4,9.228356949033246,0.41579623225342954,1.5755545622767668e-07
168,302400,100,0.6502449359891379,-0.30222886980299557,-0.5263015028974066,63.39138373043606,-27.894955951513012,-47.91981138081026,0.11075068848042116,1.1912940716367815,4,7.749009376939448,0.6110018024647683,1.6419320038369044e-07
169,304200,100,0.5955897797180179,-0.24348127407545225,-0.5403952066267182,62.48048904441887,-18.240584234432397,-44.934874048047845,0.18452622165615679,1.5049632072343,2,8.636316791836506,0.8894854633004238,1.5722441021197257e-07
170,306000,100,0.6791864884265043,-0.2712749436391337,-0.4831359464457946,71.82762201730377,-23.320505378345352,-48.80698655251342,0.14530276388108143,1.6710774709615541,4,8.128831346994762,0.4459142105679512,1.435263116910991e-07
171,307800,100,0.5366534839792082,-0.3298598211971592,-0.5083279971044263,67.96169822053533,-28.56739690722182,-52.68382149229051,0.09080050471997422,1.1747694022614392,4,8.952095946696154,0.8807901047949622,1.5136418329985796e-07
172,309600,100,0.6500454233487364,-0.2082611290706629,-0.5223852791338557,63.845259532072625,-20.322998975215963,-52.397833931289824,0.15453155236510463,0.8181237454985566,2,8.505130185797462,0.5781105282441198,1.5437598495818334e-07
173,311400,100,0.5859655501470364,-0.22522118349969672,-0.5556680349776453,58.430765470920186,-27.0813646673933,-55.128639403759685,0.15049530943454914,1.8368056026015998,3,7.9666866407941574,0.7357302266561077,1.7199217531664383e-07
174,313200,100,0.6452707736265626,-0.1696698868047859,-0.4983914475625231,74.18895120419833,-29.674956657672986,-47.77142361640934,0.09826435052994825,0.8286472637896889,3,8.925651875042139,0.6500577040775771,1.4504676963694312e-07
175,315000,100,0.7380989715901809,-0.20060789021145142,-0.447576637207642,62.870841069088165,-19.754407078743657,-52.12242481356006,0.12766251906144152,1.3437743889067215,2,8.6951730918583,0.6423644862924422,1.496094951948726e-07
176,316800,100,0.5014234156250119,-0.3181199888949848,-0.510104180940566,62.821966785412236,-14.241195867110802,-48.31994503628293,0.10303976660210844,1.1471326052806878,3,8.491599830033417,0.4630596221265797,1.5836232091034953e-07
177,318600,100,0.6521814093065237,-0.22615321099053184,-0.5131147431900687,59.135962697422066,-22.48701844606709,-54.19545171826368,0.1764832192194511,0.9212884014526339,1,8.279623224745293,0.6774388117127246,1.5991751271472028e-07
178,320400,100,0.7099274946397677,-0.15025605102068085,-0.4818512285678269,70.96384249553216,-25.503636689171856,-48.53473684017355,0.09450668071866276,1.0526483823601074,2,8.734947435434893,0.42424345216159,1.504294945327331e-07
179,322200,100,0.6555080280720942,-0.1727947425073807,-0.514995653183389,63.88590311025312,-15.722054879835767,-49.094826372742894,0.13477584184483873,0.8954869650949342,2,8.794495851603775,0.37579033383333676,1.5370796008778157e-07
180,324000,100,0.6926998651482639,-0.22782216385319595,-0.4990153106594029,67.01611250329378,-30.844247556992343,-50.39512868411193,0.11357408610177318,1.1004934460316,2,7.823701585274121,1.0854945891968488,1.633140759115194e-07
181,325800,100,0.6563369541520929,-0.19237448032288493,-0.5271131753323265,67.97181325964347,-28.098134230233498,-40.5200443741342,0.15311649185156903,1.0984315015814141,2,8.692340079877491,0.6682725491564229,1.6492853091367517e-07
182,327600,100,0.6922799129317186,-0.20085985761599978,-0.569286828763275,70.8645437667937,-21.01499056355823,-55.285276790061495,0.08385717669844478,1.1220884699422073,3,9.495410125457445,0.7301504336605407,1.60912625068162e-07
183,329400,100,0.6408666209743192,-0.2477653947655201,-0.45817731076202606,71.71106930911256,-23.40054688254343,-49.76593500830396,0.14541804706488853,0.8781300586237043,0,9.363434547376622,0.5236165855285149,1.6724541646766909e-07
184,331200,100,0.7611355598698006,-0.19091498284542024,-0.5510889971854877,63.77071872947137,-22.40709486777686,-53.46583621314227,0.1052892286951242,0.3130920134134575,1,8.398583298272351,0.3486844270181016,1.5010747690706544e-07
185,333000,100,0.7098472314027698,-0.16874299194292638,-0.490179491566267,71.94989814869054,-23.97626053119199,-49.39329750326715,0.13727252211703847,0.5905879030945103,2,8.995596917919876,0.15673886846936763,1.387465813937878e-07
186,334800,100,0.6836930910898987,-0.17752800616471281,-0.5266023154046864,63.9241837774614,-26.410829079402504,-49.93845478610585,0.12833904956350495,0.8846890632191471,2,8.689793703239577,0.8057486171377374,1.4294275672217145e-07
187,336600,100,0.6675844293468949,-0.254867839001989,-0.5333649820994577,67.27507032065964,-18.82803291931865,-54.06409135679295,0.12342417683165496,1.3303904289989825,2,8.75571695639623,0.40972100243916465,1.5133692392064528e-07
188,338400,100,0.7796794692795063,-0.16654020557541224,-0.5011446111247856,69.22240927741537,-20.819649230573507,-45.700885154602915,0.08146724013474235,0.8429712447711594,1,8.717542696502862,0.3387954750436874,1.441797826709496e-07
189,340200,100,0.6593955408917347,-0.1970839402697069,-0.4642036790417381,62.38188155627322,-16.82756554970998,-52.22631377077842,0.08328272278408123,1.3699996877564204,3,9.505984872180097,0.5373395315011505,1.5424317127553296e-07
190,342000,100,0.5896009767495839,-0.1970859929433532,-0.47447764189451197,73.32254761260012,-30.57267467802297,-48.87363472183387,0.17346541683997577,0.39364154238460725,2,8.977862846262918,0.38715298680771526,1.6335380497855736e-07
191,343800,100,0.6770353859666915,-0.22795075747744895,-0.5060565114601517,72.19181833339299,-24.047691980910052,-47.977049543682746,0.0751351502710032,0.7404019149489347,3,9.486821054944764,0.7325237183457167,1.5062768451462726e-07
192,345600,100,0.6423462411873466,-0.25313060095716683,-0.5256261290924701,56.89737667946822,-20.080339979108476,-53.47746046250543,0.06954607583836202,1.2550301262281556,2,9.572848525783058,0.47531686457296635,1.4852607204618422e-07
193,347400,100,0.6650733789629838,-0.22485752035597428,-0.5050564154699063,73.40991059565842,-17.314454392168134,-49.312290522519135,0.10162849506263043,1.3553887113274001,0,9.037019032517275,0.4622633662875272,1.4215084411695953e-07
194,349200,100,0.6918823948766926,-0.2086824775209026,-0.5272919942224437,80.29482046037351,-24.76218165009378,-47.422796616562835,0.0797408401440248,0.6923058548331372,0,8.395971736031699,0.6010797403071528,1.5424608068086246e-07
195,351000,100,0.6765252178724268,-0.16098148999880293,-0.5321280464946845,72.11883377773007,-21.913927682470373,-51.12773812183649,0.09202459031403774,0.9715930125984606,2,7.608430295210619,0.2024653430308333,1.4770980123062882e-07
196,352800,100,0.6565666597588248,-0.14148113125600748,-0.5064087037246383,65.71497794811437,-16.608754149812718,-53.49611965849407,0.0755142861200166,0.8371547893296885,1,8.99182434710054,0.6282868489800788,1.501608108490181e-07
197,354600,100,0.6841937020488987,-0.256253034257965,-0.5351206345229917,64.24651590002766,-20.266147585393462,-50.61448618098144,0.09974016356996022,0.5324391814039303,2,8.892118726890423,0.3140020611602762,1.465295064585729e-07
198,356400,100,0.6946064605446551,-0.24319804219357377,-0.4405548834262979,71.62222335125477,-16.02335227550108,-53.10410121107731,0.11622918060300515,0.701072826894787,1,9.330214487932253,0.15235400268629795,1.5416596989524895e-07
199,358200,100,0.6556341534718819,-0.17417713734498583,-0.4483173855738075,73.08452705234733,-34.98765760486194,-49.656632804863236,0.06654514394430669,0.9543180795647049,3,8.751702245297967,0.526479665774824,1.4150577832718287e-07
